<?xml version="1.0" encoding="UTF-8"?>
<configuration>
	<include resource="org/springframework/boot/logging/logback/base.xml" />
	<appender name="dailyRollingFileAppender" class="ch.qos.logback.core.rolling.RollingFileAppender">
		<File>../logs/logback_orderAccess.log</File>
		<rollingPolicy class="ch.qos.logback.core.rolling.TimeBasedRollingPolicy">
			<!-- daily rollover -->
			<FileNamePattern>../logs/logback_orderAccess.%d{yyyy-MM-dd}-%i.log</FileNamePattern>
			<!-- keep 20 days' worth of history -->
			<maxHistory>20</maxHistory>
			<TimeBasedFileNamingAndTriggeringPolicy	class="ch.qos.logback.core.rolling.SizeAndTimeBasedFNATP">
				<MaxFileSize>50MB</MaxFileSize>
			</TimeBasedFileNamingAndTriggeringPolicy>
		</rollingPolicy>
		<encoder>
			<Pattern>%date [%thread] %-5level %logger{80} - %msg %n</Pattern>
		</encoder>
	</appender>
	<root level="INFO">
		<appender-ref ref="CONSOLE" />
	</root>
	<logger name="com.company" level="INFO">
		<appender-ref ref="dailyRollingFileAppender" />
	</logger>
</configuration>