<?xml version="1.0" encoding="UTF-8"?>
<beans xmlns="http://www.springframework.org/schema/beans"
	xmlns:xsi="http://www.w3.org/2001/XMLSchema-instance" xmlns:context="http://www.springframework.org/schema/context"
	xmlns:aop="http://www.springframework.org/schema/aop" xmlns:tx="http://www.springframework.org/schema/tx"
	xsi:schemaLocation="http://www.springframework.org/schema/beans
           http://www.springframework.org/schema/beans/spring-beans-2.5.xsd
           http://www.springframework.org/schema/context http://www.springframework.org/schema/context/spring-context-2.5.xsd
           http://www.springframework.org/schema/aop http://www.springframework.org/schema/aop/spring-aop-2.5.xsd
           http://www.springframework.org/schema/tx http://www.springframework.org/schema/tx/spring-tx-2.5.xsd"
	default-lazy-init="false">

	<!--- 
	<bean name="hessian/ServiceUserBlance"
		class="org.springframework.remoting.caucho.HessianServiceExporter">
		<property name="serviceInterface" value="com.xinwei.lotteryDb.mapper.UserBalanceMapper" />
		<property name="service" ref="userBalanceMapperImpl" />
	</bean>
 	
 	<bean name="hessian/ServiceUserBlanceLog"
		class="org.springframework.remoting.caucho.HessianServiceExporter">
		<property name="serviceInterface" value="com.xinwei.lotteryDb.mapper.UserBalanceLogMapper" />
		<property name="service" ref="userBalanceLogMapperImpl" />
	</bean>
 	-->
</beans>
